{
	"$schema": "https://raw.githubusercontent.com/martinring/tmlanguage/master/tmlanguage.json",
	"name": "CPSS-log",
	"patterns": [
		{
			"include": "#keywords"
		},
		{
			"include": "#strings"
		}
	],
	"repository": {
		"keywords": {
			"patterns": [{
				"name": "storage.type.function.cpsslog",
				"match": "^\\[\\d{2}:\\d{2}:\\d{2}\\]"
			},{
				"name": "keyword.control.cpsslog",
				"match": "\\b(SELECT|FROM|WHERE|GROUP BY|ORDER BY|INSERT|INTO|VALUES|UPDATE)\\b"
			},{
				"name": "keyword.control.cpsslog",
				"match": "\\b(select|from|where|group by|order by|insert|into|values|update)\\b"
			},{
				"name": "comment.block.cpsslog",
				"match": "/var/www/ragdoll/.*?\\(\\d+\\)"
			}
		]
		},
		"strings": {
			"name": "string.quoted.double.cpsslog",
			"begin": "\"",
			"end": "\"",
			"patterns": [
				{
					"name": "constant.character.escape.cpsslog",
					"match": "\\\\."
				}
			]
		}
	},
	"scopeName": "text.cpss-log"
}